{
  "timestamp": "2025-06-15T14:16:04.540397",
  "evaluation_results": {
    "original": {
      "KDD Test Set": {
        "accuracy": 0.9954,
        "precision": 0.9954058376172991,
        "recall": 0.9954,
        "f1_score": 0.9954009291942731,
        "roc_auc": 0.999844345927049,
        "confusion_matrix": [
          [
            2135,
            8
          ],
          [
            15,
            2842
          ]
        ],
        "classification_report": {
          "0": {
            "precision": 0.9930232558139535,
            "recall": 0.9962669155389641,
            "f1-score": 0.9946424411833217,
            "support": 2143.0
          },
          "1": {
            "precision": 0.9971929824561403,
            "recall": 0.9947497374868743,
            "f1-score": 0.9959698615735062,
            "support": 2857.0
          },
          "accuracy": 0.9954,
          "macro avg": {
            "precision": 0.9951081191350468,
            "recall": 0.9955083265129192,
            "f1-score": 0.9953061513784139,
            "support": 5000.0
          },
          "weighted avg": {
            "precision": 0.9954058376172991,
            "recall": 0.9954,
            "f1-score": 0.9954009291942731,
            "support": 5000.0
          }
        },
        "samples": 5000
      }
    },
    "enhanced": {
      "KDD Test Set": {
        "accuracy": 0.927,
        "precision": 0.9279681037981714,
        "recall": 0.927,
        "f1_score": 0.9266068372315016,
        "roc_auc": 0.967441757528847,
        "confusion_matrix": [
          [
            1885,
            258
          ],
          [
            107,
            2750
          ]
        ],
        "classification_report": {
          "0": {
            "precision": 0.946285140562249,
            "recall": 0.8796080261315913,
            "f1-score": 0.9117291414752116,
            "support": 2143.0
          },
          "1": {
            "precision": 0.9142287234042553,
            "recall": 0.9625481274063703,
            "f1-score": 0.9377664109121909,
            "support": 2857.0
          },
          "accuracy": 0.927,
          "macro avg": {
            "precision": 0.9302569319832521,
            "recall": 0.9210780767689808,
            "f1-score": 0.9247477761937013,
            "support": 5000.0
          },
          "weighted avg": {
            "precision": 0.9279681037981714,
            "recall": 0.927,
            "f1-score": 0.9266068372315016,
            "support": 5000.0
          }
        },
        "samples": 5000
      }
    }
  },
  "summary": {
    "models_evaluated": 2,
    "datasets_tested": 1
  }
}